<appaction uniquename="bal__SendEmailtoAttend!e3cc8f3b9f764c20b0f1aa39721c76db!bal_Eventsmanager!bal_atendee!1">
  <appmoduleid>
    <uniquename>bal_Eventsmanager</uniquename>
  </appmoduleid>
  <buttonaccessibilitytext default="Kick-off Business Event (CustomPage)">
    <label description="Kick-off Business Event (CustomPage)" languagecode="1033" />
  </buttonaccessibilitytext>
  <buttonlabeltext default="Kick-off Business Event (CustomPage)">
    <label description="Kick-off Business Event (CustomPage)" languagecode="1033" />
  </buttonlabeltext>
  <buttontooltipdescription default="Kick-off Business Event (CustomPage)">
    <label description="Kick-off Business Event (CustomPage)" languagecode="1033" />
  </buttontooltipdescription>
  <buttontooltiptitle default="Kick-off Business Event (CustomPage)">
    <label description="Kick-off Business Event (CustomPage)" languagecode="1033" />
  </buttontooltiptitle>
  <context>1</context>
  <contextentity>
    <logicalname>bal_atendee</logicalname>
  </contextentity>
  <contextvalue>bal_atendee</contextvalue>
  <hidden>0</hidden>
  <iconwebresourceid>
    <webresourceid>95000077-0cba-ee11-a569-000d3a19a9da</webresourceid>
  </iconwebresourceid>
  <iscustomizable>1</iscustomizable>
  <isdisabled>0</isdisabled>
  <isgrouptitlehidden>0</isgrouptitlehidden>
  <location>1</location>
  <name>SendEmailtoAttend!e3cc8f3b9f764c20b0f1aa39721c76db</name>
  <onclickeventjavascriptfunctionname>BPPC.Methods.OpenCustomPageV2</onclickeventjavascriptfunctionname>
  <onclickeventjavascriptparameters>[{"type":21,"value":"bal_callbusinessevent_b04f9"},{"type":21,"value":"Call Business Event from Custom Page"},{"type":2},{"type":23},{"type":21,"value":"60%"},{"type":21,"value":"60%"},{"type":19,"value":2},{"type":19,"value":1}]</onclickeventjavascriptparameters>
  <onclickeventjavascriptwebresourceid>
    <webresourceid>0da1e4d9-ffb5-ee11-a569-000d3a19a9da</webresourceid>
  </onclickeventjavascriptwebresourceid>
  <onclickeventtype>2</onclickeventtype>
  <origin>0</origin>
  <sequence>937593759.3750000000</sequence>
  <statecode>0</statecode>
  <statuscode>1</statuscode>
  <type>0</type>
  <visibilityformulacomponentlibraryid>
    <name>bal_eventsmanagerdefaultcommandlibrary_d413f</name>
  </visibilityformulacomponentlibraryid>
  <visibilityformulacomponentname>391e0ead8a6b4a4ebbe8eb09732d87a9</visibilityformulacomponentname>
  <visibilityformulafunctionname>Visible</visibilityformulafunctionname>
  <visibilitytype>1</visibilitytype>
</appaction>