<appaction uniquename="bal__SendEmailtoAttend!e19ff914a6f64cf2bd109ebdb9c6b6cc!bal_Eventsmanager!bal_atendee!1">
  <appmoduleid>
    <uniquename>bal_Eventsmanager</uniquename>
  </appmoduleid>
  <buttonaccessibilitytext default="Send Email to Attendee (Custom Page)">
    <label description="Send Email to Attendee (Custom Page)" languagecode="1033" />
  </buttonaccessibilitytext>
  <buttonlabeltext default="Send Email to Attendee (Custom Page)">
    <label description="Send Email to Attendee (Custom Page)" languagecode="1033" />
  </buttonlabeltext>
  <buttontooltipdescription default="Send Email to Attendee (Custom Page)">
    <label description="Send Email to Attendee (Custom Page)" languagecode="1033" />
  </buttontooltipdescription>
  <buttontooltiptitle default="Send Email to Attendee (Custom Page)">
    <label description="Send Email to Attendee (Custom Page)" languagecode="1033" />
  </buttontooltiptitle>
  <context>1</context>
  <contextentity>
    <logicalname>bal_atendee</logicalname>
  </contextentity>
  <contextvalue>bal_atendee</contextvalue>
  <hidden>0</hidden>
  <iconwebresourceid>
    <webresourceid>80ea9ae5-e0b5-ee11-a569-000d3a19a9da</webresourceid>
  </iconwebresourceid>
  <iscustomizable>1</iscustomizable>
  <isdisabled>0</isdisabled>
  <isgrouptitlehidden>0</isgrouptitlehidden>
  <location>1</location>
  <name>SendEmailtoAttend!e19ff914a6f64cf2bd109ebdb9c6b6cc</name>
  <onclickeventjavascriptfunctionname>BPPC.Methods.OpenCustomPage</onclickeventjavascriptfunctionname>
  <onclickeventjavascriptparameters>[{"type":21,"value":"bal_sendemailtoattendee_ea5e2"},{"type":21,"value":"Send Email to Attendee"},{"type":2},{"type":10},{"type":21,"value":"100%"},{"type":21,"value":"100%"},{"type":19,"value":1},{"type":19,"value":1}]</onclickeventjavascriptparameters>
  <onclickeventjavascriptwebresourceid>
    <webresourceid>0da1e4d9-ffb5-ee11-a569-000d3a19a9da</webresourceid>
  </onclickeventjavascriptwebresourceid>
  <onclickeventtype>2</onclickeventtype>
  <origin>0</origin>
  <sequence>500050005.0000000000</sequence>
  <statecode>0</statecode>
  <statuscode>1</statuscode>
  <type>0</type>
  <visibilityformulacomponentlibraryid>
    <name>bal_eventsmanagerdefaultcommandlibrary_d413f</name>
  </visibilityformulacomponentlibraryid>
  <visibilityformulacomponentname>56760bb86553465287222da0e9283b7e</visibilityformulacomponentname>
  <visibilityformulafunctionname>Visible</visibilityformulafunctionname>
  <visibilitytype>1</visibilitytype>
</appaction>