<manifest><control namespace="PowerCAT" constructor="Calendar" version="1.1.29" display-name-key="Calendar" description-key="Calendar_Desc" control-type="virtual" api-version="1.3.4"><property name="Theme" display-name-key="Theme" of-type="Multiple" usage="input" required="false" /><property name="BackgroundColor" default-value="#ffffff" display-name-key="BackgroundColor" of-type="SingleLine.Text" usage="input" /><property name="Language" display-name-key="Language" of-type="SingleLine.Text" usage="input" required="false" /><property name="AccessibilityLabel" display-name-key="AccessibilityLabel" of-type="SingleLine.Text" usage="input" required="false" /><property name="SelectedDateValue" display-name-key="SelectedDateValue" of-type="DateAndTime.DateOnly" usage="bound" required="true" /><property name="MinDate" display-name-key="MinDate" of-type="DateAndTime.DateOnly" usage="input" required="false" /><property name="MaxDate" display-name-key="MaxDate" of-type="DateAndTime.DateOnly" usage="input" required="false" /><property name="ShowGoToToday" display-name-key="ShowGoToToday" of-type="TwoOptions" usage="input" default-value="true" required="false" /><property name="MonthPickerVisible" display-name-key="MonthPickerVisible" of-type="TwoOptions" usage="input" default-value="true" required="false" /><property name="DayPickerVisible" display-name-key="DayPickerVisible" of-type="TwoOptions" usage="input" default-value="true" required="false" /><property name="HighlightSelectedMonth" display-name-key="HighlightSelectedMonth" of-type="TwoOptions" usage="input" default-value="true" required="false" /><property name="HighlightCurrentMonth" display-name-key="HighlightCurrentMonth" of-type="TwoOptions" usage="input" default-value="false" required="false" /><property name="ShowSixWeeksByDefault" display-name-key="ShowSixWeeksByDefault" of-type="TwoOptions" usage="input" default-value="false" required="false" /><property name="ShowWeekNumbers" display-name-key="ShowWeekNumbers" of-type="TwoOptions" usage="input" default-value="false" required="false" /><property name="InputEvent" display-name-key="InputEvent" description-key="InputEvent_Desc" of-type="SingleLine.Text" usage="input" /><property name="FirstDayOfWeek" display-name-key="FirstDayOfWeek" description-key="FirstDayOfWeek" usage="input" of-type="Enum" required="true"><value name="Sunday" display-name-key="Sunday" description-key="Sunday" default="true">Sunday</value><value name="Monday" display-name-key="Monday" description-key="Monday">Monday</value><value name="Tuesday" display-name-key="Tuesday" description-key="Tuesday">Tuesday</value><value name="Wednesday" display-name-key="Wednesday" description-key="Wednesday">Wednesday</value><value name="Thursday" display-name-key="Thursday" description-key="Thursday">Thursday</value><value name="Friday" display-name-key="Friday" description-key="Friday">Friday</value><value name="Saturday" display-name-key="Saturday" description-key="Saturday">Saturday</value></property><resources><code path="bundle.js" order="1" /><resx path="strings/Calendar.1033.resx" version="1.0.0" /><css path="css/Calendar.css" order="1" /><platform-library name="React" version="16.8.6" /><platform-library name="Fluent" version="8.29.0" /></resources><built-by name="pac" version="1.16.6" /></control></manifest>