{
  "properties": {
    "connectionReferences": {
      "shared_commondataserviceforapps": {
        "runtimeSource": "embedded",
        "connection": {
          "connectionReferenceLogicalName": "bal_sharedcommondataserviceforapps_c0e80"
        },
        "api": {
          "name": "shared_commondataserviceforapps"
        }
      }
    },
    "definition": {
      "$schema": "https://schema.management.azure.com/providers/Microsoft.Logic/schemas/2016-06-01/workflowdefinition.json#",
      "contentVersion": "1.0.0.0",
      "parameters": {
        "$connections": {
          "defaultValue": {},
          "type": "Object"
        },
        "$authentication": {
          "defaultValue": {},
          "type": "SecureObject"
        }
      },
      "triggers": {
        "manual": {
          "metadata": {
            "operationMetadataId": "4095fa5e-4d2d-46ca-abc9-2c28dc108a63"
          },
          "type": "Request",
          "kind": "Button",
          "inputs": {
            "schema": {
              "type": "object",
              "properties": {
                "text": {
                  "title": "Event",
                  "type": "string",
                  "x-ms-dynamically-added": true,
                  "description": "Please enter your input",
                  "x-ms-content-hint": "TEXT"
                },
                "text_1": {
                  "title": "FirstName",
                  "type": "string",
                  "x-ms-dynamically-added": true,
                  "description": "Please enter your input",
                  "x-ms-content-hint": "TEXT"
                },
                "text_2": {
                  "title": "LastName",
                  "type": "string",
                  "x-ms-dynamically-added": true,
                  "description": "Please enter your input",
                  "x-ms-content-hint": "TEXT"
                },
                "text_3": {
                  "title": "Email",
                  "type": "string",
                  "x-ms-dynamically-added": true,
                  "description": "Please enter your input",
                  "x-ms-content-hint": "TEXT"
                },
                "text_4": {
                  "title": "Company",
                  "type": "string",
                  "x-ms-dynamically-added": true,
                  "description": "Please enter your input",
                  "x-ms-content-hint": "TEXT"
                },
                "text_5": {
                  "title": "JobTitle",
                  "type": "string",
                  "x-ms-dynamically-added": true,
                  "description": "Please enter your input",
                  "x-ms-content-hint": "TEXT"
                },
                "text_6": {
                  "title": "PhoneNumber",
                  "type": "string",
                  "x-ms-dynamically-added": true,
                  "description": "Please enter your input",
                  "x-ms-content-hint": "TEXT"
                }
              },
              "required": [
                "text",
                "text_1",
                "text_2",
                "text_3",
                "text_4",
                "text_5",
                "text_6"
              ]
            }
          }
        }
      },
      "actions": {
        "Respond_to_a_PowerApp_or_flow": {
          "runAfter": {
            "CreateAttendee": [
              "Succeeded"
            ]
          },
          "metadata": {
            "operationMetadataId": "91fa4e2f-57cc-41a2-9831-46a8caac5d28"
          },
          "type": "Response",
          "kind": "PowerApp",
          "inputs": {
            "statusCode": 200,
            "body": {
              "attendeeid": "@outputs('CreateAttendee')?['body/bal_atendeeid']"
            },
            "schema": {
              "type": "object",
              "properties": {
                "attendeeid": {
                  "title": "AttendeeId",
                  "x-ms-dynamically-added": true,
                  "type": "string"
                }
              }
            }
          }
        },
        "CreateAttendee": {
          "runAfter": {
            "EventData": [
              "Succeeded"
            ]
          },
          "metadata": {
            "operationMetadataId": "e2f1691c-e800-4976-b5ea-ffcb88f4462d"
          },
          "type": "OpenApiConnection",
          "inputs": {
            "host": {
              "connectionName": "shared_commondataserviceforapps",
              "operationId": "CreateRecord",
              "apiId": "/providers/Microsoft.PowerApps/apis/shared_commondataserviceforapps"
            },
            "parameters": {
              "entityName": "bal_atendees",
              "item/bal_name": "@concat(triggerBody()['text_1'], ' ',triggerBody()['text_2'])",
              "item/bal_company": "@triggerBody()['text_4']",
              "item/bal_emailaddress": "@triggerBody()['text_3']",
              "item/bal_Event@odata.bind": "@outputs('EventData')",
              "item/bal_firstname": "@triggerBody()['text_1']",
              "item/bal_jobtitle": "@triggerBody()['text_5']",
              "item/bal_lastname": "@triggerBody()['text_2']",
              "item/bal_phonenumber": "@triggerBody()['text_6']",
              "item/bal_registrationdate": "@utcNow()",
              "item/statuscode": 1
            },
            "authentication": {
              "type": "Raw",
              "value": "@json(decodeBase64(triggerOutputs().headers['X-MS-APIM-Tokens']))['$ConnectionKey']"
            }
          }
        },
        "FindEvent": {
          "runAfter": {},
          "metadata": {
            "operationMetadataId": "edee6d8c-ceb8-4ee5-adaf-ce77ad670845"
          },
          "type": "OpenApiConnection",
          "inputs": {
            "host": {
              "connectionName": "shared_commondataserviceforapps",
              "operationId": "ListRecords",
              "apiId": "/providers/Microsoft.PowerApps/apis/shared_commondataserviceforapps"
            },
            "parameters": {
              "entityName": "bal_events",
              "fetchXml": "<fetch top='1'>\n  <entity name='bal_event'>\n    <attribute name='bal_availableseats' />\n    <attribute name='bal_cost' />\n    <attribute name='bal_eventdateandtime' />\n    <attribute name='bal_eventdescription' />\n    <attribute name='bal_eventid' />\n    <attribute name='bal_eventstatus' />\n    <attribute name='bal_eventtype' />\n    <attribute name='bal_name' />\n    <attribute name='bal_sponsor' />\n    <attribute name='bal_venue' />\n    <filter>\n      <condition attribute='bal_name' operator='eq' value='@{triggerBody()['text']}' />\n    </filter>\n  </entity>\n</fetch>"
            },
            "authentication": {
              "type": "Raw",
              "value": "@json(decodeBase64(triggerOutputs().headers['X-MS-APIM-Tokens']))['$ConnectionKey']"
            }
          }
        },
        "EventData": {
          "runAfter": {
            "FindEvent": [
              "Succeeded"
            ]
          },
          "metadata": {
            "operationMetadataId": "65cd0027-5b2d-491a-87b2-909c16defc68"
          },
          "type": "Compose",
          "inputs": "@if(greaterOrEquals(length(outputs('FindEvent')?['body/value']),1), concat('bal_events(',outputs('FindEvent')?['body/value'][0]['bal_eventid'], ')'), null)"
        }
      }
    },
    "templateName": ""
  },
  "schemaVersion": "1.0.0.0"
}