<manifest><control namespace="PowerCAT" constructor="SubwayNav" version="1.1.29" display-name-key="SubwayNav" description-key="SubwayNav_Desc" control-type="virtual" api-version="1.3.4"><property name="Theme" display-name-key="Theme" of-type="Multiple" usage="input" required="false" /><property name="AccessibilityLabel" display-name-key="AccessibilityLabel" of-type="SingleLine.Text" usage="input" required="false" /><property name="InputEvent" display-name-key="InputEvent" of-type="SingleLine.Text" usage="input" /><property name="ApplyDarkTheme" display-name-key="ApplyDarkTheme" of-type="TwoOptions" usage="input" /><property name="WizardCompleteorError" display-name-key="WizardCompleteorError" description-key="WizardCompleteorError" usage="input" of-type="Enum" required="false"><value name="None" display-name-key="None" description-key="None" default="true">None</value><value name="WizardComplete" display-name-key="WizardComplete" description-key="WizardComplete">WizardComplete</value><value name="Error" display-name-key="Error" description-key="Error">Error</value></property><property name="ShowAnimation" display-name-key="ShowAnimation" of-type="TwoOptions" default-value="true" usage="input" /><property name="Steps" display-name-key="Steps" of-type="Object" usage="output" /><property name="StepsSchema" display-name-key="StepsSchema" of-type="SingleLine.Text" usage="bound" hidden="true" /><data-set name="items" display-name-key="Items"><property-set name="ItemLabel" display-name-key="Item Label" of-type="SingleLine.Text" usage="bound" required="true" /><property-set name="ItemKey" display-name-key="Key" of-type="SingleLine.Text" usage="bound" required="true" /><property-set name="ParentItemKey" display-name-key="Parent Key" of-type="SingleLine.Text" usage="bound" required="true" /><property-set name="ItemState" display-name-key="Item State" of-type="SingleLine.Text" usage="bound" required="true" /><property-set name="ItemDisabled" display-name-key="Item Disabled" of-type="TwoOptions" usage="bound" required="false" /><property-set name="ItemVisuallyDisabled" display-name-key="Item Visually Disabled" of-type="TwoOptions" usage="bound" required="false" /></data-set><property-dependencies><property-dependency input="StepsSchema" output="Steps" required-for="schema" /></property-dependencies><resources><code path="bundle.js" order="1" /><resx path="strings/Subwaynav.1033.resx" version="1.0.0" /><platform-library name="React" version="16.8.6" /><platform-library name="Fluent" version="8.29.0" /></resources><built-by name="pac" version="1.19.4" /><subscribed-functionalities><subscribed-functionality name="sharedTemplate" value="false" /></subscribed-functionalities></control></manifest>