{
  "properties": {
    "connectionReferences": {
      "shared_commondataserviceforapps": {
        "runtimeSource": "embedded",
        "connection": {
          "connectionReferenceLogicalName": "bal_sharedcommondataserviceforapps_c0e80"
        },
        "api": {
          "name": "shared_commondataserviceforapps"
        }
      }
    },
    "definition": {
      "$schema": "https://schema.management.azure.com/providers/Microsoft.Logic/schemas/2016-06-01/workflowdefinition.json#",
      "contentVersion": "1.0.0.0",
      "parameters": {
        "$connections": {
          "defaultValue": {},
          "type": "Object"
        },
        "$authentication": {
          "defaultValue": {},
          "type": "SecureObject"
        }
      },
      "triggers": {
        "When_an_action_is_performed": {
          "metadata": {
            "operationMetadataId": "cd3fc14c-0527-4da4-be21-36dee4b9a4fc"
          },
          "type": "OpenApiConnectionWebhook",
          "inputs": {
            "host": {
              "connectionName": "shared_commondataserviceforapps",
              "operationId": "BusinessEventsTrigger",
              "apiId": "/providers/Microsoft.PowerApps/apis/shared_commondataserviceforapps"
            },
            "parameters": {
              "catalog": "bal_BPPCCatalog",
              "category": "bal_BPPCCatalogBusinessEvents",
              "subscriptionRequest/entityname": "none",
              "subscriptionRequest/sdkmessagename": "bal_OnSendEmailsToAttendeesCustomApi"
            },
            "authentication": "@parameters('$authentication')"
          }
        }
      },
      "actions": {
        "Compose": {
          "runAfter": {},
          "metadata": {
            "operationMetadataId": "46467e7b-428a-4140-b7cc-b3950b0648b9"
          },
          "type": "Compose",
          "inputs": "@triggerOutputs()?['body/InputParameters/bal_SelectedAttendees']"
        }
      }
    },
    "templateName": ""
  },
  "schemaVersion": "1.0.0.0"
}