{
  "properties": {
    "connectionReferences": {
      "shared_commondataservice": {
        "runtimeSource": "embedded",
        "connection": {
          "connectionReferenceLogicalName": "bal_sharedcommondataservice_309a4"
        },
        "api": {
          "name": "shared_commondataservice"
        }
      },
      "shared_office365": {
        "runtimeSource": "embedded",
        "connection": {
          "connectionReferenceLogicalName": "bal_Office365Outlook"
        },
        "api": {
          "name": "shared_office365"
        }
      },
      "shared_commondataserviceforapps": {
        "runtimeSource": "embedded",
        "connection": {
          "connectionReferenceLogicalName": "bal_sharedcommondataserviceforapps_c0e80"
        },
        "api": {
          "name": "shared_commondataserviceforapps"
        }
      }
    },
    "definition": {
      "$schema": "https://schema.management.azure.com/providers/Microsoft.Logic/schemas/2016-06-01/workflowdefinition.json#",
      "contentVersion": "1.0.0.0",
      "parameters": {
        "$connections": {
          "defaultValue": {},
          "type": "Object"
        },
        "$authentication": {
          "defaultValue": {},
          "type": "SecureObject"
        }
      },
      "triggers": {
        "manual": {
          "splitOn": "@triggerBody()['rows']",
          "metadata": {
            "operationMetadataId": "cacb190b-a4c5-441d-89b2-9491872d0adc"
          },
          "type": "Request",
          "kind": "ApiConnection",
          "inputs": {
            "schema": {
              "type": "object",
              "properties": {
                "rows": {
                  "type": "array",
                  "items": {
                    "type": "object",
                    "properties": {
                      "text": {
                        "title": "Subject",
                        "type": "string",
                        "x-ms-dynamically-added": true,
                        "description": "Please enter your input",
                        "x-ms-content-hint": "TEXT"
                      },
                      "text_1": {
                        "title": "Body",
                        "type": "string",
                        "x-ms-dynamically-added": true,
                        "description": "Please enter your input",
                        "x-ms-content-hint": "TEXT"
                      },
                      "entity": {
                        "type": "object",
                        "properties": {
                          "bal_atendeeid": {
                            "title": "Atendee",
                            "type": "string",
                            "format": "guid"
                          }
                        },
                        "required": [
                          "bal_atendeeid"
                        ]
                      }
                    },
                    "required": [
                      "text",
                      "text_1",
                      "entity"
                    ]
                  }
                }
              },
              "required": [
                "rows"
              ]
            },
            "host": {
              "connection": {
                "name": "@parameters('$connections')['shared_commondataservice']['connectionId']"
              }
            },
            "operationId": "GetOnNewItems_V2",
            "parameters": {
              "dataset": "default.cds",
              "table": "bal_atendees"
            }
          }
        }
      },
      "actions": {
        "Send_Email_to_Recipient": {
          "runAfter": {
            "Attendee": [
              "Succeeded"
            ]
          },
          "metadata": {
            "operationMetadataId": "e744b858-1569-4462-b474-3e5ea5608502"
          },
          "type": "OpenApiConnection",
          "inputs": {
            "host": {
              "connectionName": "shared_office365",
              "operationId": "SendEmailV2",
              "apiId": "/providers/Microsoft.PowerApps/apis/shared_office365"
            },
            "parameters": {
              "emailMessage/To": "@outputs('Attendee')?['body/bal_emailaddress']",
              "emailMessage/Subject": "@triggerBody()['text']",
              "emailMessage/Body": "<p>@{replace(triggerBody()['text_1'],'\\n','<br/>')}</p>",
              "emailMessage/Importance": "Normal"
            },
            "authentication": {
              "type": "Raw",
              "value": "@json(decodeBase64(triggerOutputs().headers['X-MS-APIM-Tokens']))['$ConnectionKey']"
            }
          }
        },
        "Attendee": {
          "runAfter": {},
          "metadata": {
            "operationMetadataId": "64be38c9-0ac7-4e00-8cad-1fbc68ddd0eb"
          },
          "type": "OpenApiConnection",
          "inputs": {
            "host": {
              "connectionName": "shared_commondataserviceforapps",
              "operationId": "GetItem",
              "apiId": "/providers/Microsoft.PowerApps/apis/shared_commondataserviceforapps"
            },
            "parameters": {
              "entityName": "bal_atendees",
              "recordId": "@triggerBody()?['entity']?['bal_atendeeid']"
            },
            "authentication": {
              "type": "Raw",
              "value": "@json(decodeBase64(triggerOutputs().headers['X-MS-APIM-Tokens']))['$ConnectionKey']"
            }
          }
        }
      },
      "outputs": {}
    },
    "templateName": ""
  },
  "schemaVersion": "1.0.0.0"
}