<ImportExportXml version="9.2.23121.196" SolutionPackageVersion="9.2" languagecode="1033" generatedBy="CrmLive" xmlns:xsi="http://www.w3.org/2001/XMLSchema-instance">
  <SolutionManifest>
    <UniqueName>Eventsmanager</UniqueName>
    <LocalizedNames>
      <LocalizedName description="Events manager" languagecode="1033" />
    </LocalizedNames>
    <Descriptions />
    <Version>1.0.0.5</Version>
    <Managed>0</Managed>
    <Publisher>
      <UniqueName>baltic</UniqueName>
      <LocalizedNames>
        <LocalizedName description="baltic" languagecode="1033" />
      </LocalizedNames>
      <Descriptions />
      <EMailAddress xsi:nil="true"></EMailAddress>
      <SupportingWebsiteUrl xsi:nil="true"></SupportingWebsiteUrl>
      <CustomizationPrefix>bal</CustomizationPrefix>
      <CustomizationOptionValuePrefix>75517</CustomizationOptionValuePrefix>
      <Addresses>
        <Address>
          <AddressNumber>1</AddressNumber>
          <AddressTypeCode>1</AddressTypeCode>
          <City xsi:nil="true"></City>
          <County xsi:nil="true"></County>
          <Country xsi:nil="true"></Country>
          <Fax xsi:nil="true"></Fax>
          <FreightTermsCode xsi:nil="true"></FreightTermsCode>
          <ImportSequenceNumber xsi:nil="true"></ImportSequenceNumber>
          <Latitude xsi:nil="true"></Latitude>
          <Line1 xsi:nil="true"></Line1>
          <Line2 xsi:nil="true"></Line2>
          <Line3 xsi:nil="true"></Line3>
          <Longitude xsi:nil="true"></Longitude>
          <Name xsi:nil="true"></Name>
          <PostalCode xsi:nil="true"></PostalCode>
          <PostOfficeBox xsi:nil="true"></PostOfficeBox>
          <PrimaryContactName xsi:nil="true"></PrimaryContactName>
          <ShippingMethodCode>1</ShippingMethodCode>
          <StateOrProvince xsi:nil="true"></StateOrProvince>
          <Telephone1 xsi:nil="true"></Telephone1>
          <Telephone2 xsi:nil="true"></Telephone2>
          <Telephone3 xsi:nil="true"></Telephone3>
          <TimeZoneRuleVersionNumber xsi:nil="true"></TimeZoneRuleVersionNumber>
          <UPSZone xsi:nil="true"></UPSZone>
          <UTCOffset xsi:nil="true"></UTCOffset>
          <UTCConversionTimeZoneCode xsi:nil="true"></UTCConversionTimeZoneCode>
        </Address>
        <Address>
          <AddressNumber>2</AddressNumber>
          <AddressTypeCode>1</AddressTypeCode>
          <City xsi:nil="true"></City>
          <County xsi:nil="true"></County>
          <Country xsi:nil="true"></Country>
          <Fax xsi:nil="true"></Fax>
          <FreightTermsCode xsi:nil="true"></FreightTermsCode>
          <ImportSequenceNumber xsi:nil="true"></ImportSequenceNumber>
          <Latitude xsi:nil="true"></Latitude>
          <Line1 xsi:nil="true"></Line1>
          <Line2 xsi:nil="true"></Line2>
          <Line3 xsi:nil="true"></Line3>
          <Longitude xsi:nil="true"></Longitude>
          <Name xsi:nil="true"></Name>
          <PostalCode xsi:nil="true"></PostalCode>
          <PostOfficeBox xsi:nil="true"></PostOfficeBox>
          <PrimaryContactName xsi:nil="true"></PrimaryContactName>
          <ShippingMethodCode>1</ShippingMethodCode>
          <StateOrProvince xsi:nil="true"></StateOrProvince>
          <Telephone1 xsi:nil="true"></Telephone1>
          <Telephone2 xsi:nil="true"></Telephone2>
          <Telephone3 xsi:nil="true"></Telephone3>
          <TimeZoneRuleVersionNumber xsi:nil="true"></TimeZoneRuleVersionNumber>
          <UPSZone xsi:nil="true"></UPSZone>
          <UTCOffset xsi:nil="true"></UTCOffset>
          <UTCConversionTimeZoneCode xsi:nil="true"></UTCConversionTimeZoneCode>
        </Address>
      </Addresses>
    </Publisher>
    <RootComponents>
      <RootComponent type="1" schemaName="bal_atendee" behavior="0" />
      <RootComponent type="1" schemaName="bal_bpfevent" behavior="0" />
      <RootComponent type="1" schemaName="bal_event" behavior="0" />
      <RootComponent type="1" schemaName="bal_session" behavior="0" />
      <RootComponent type="1" schemaName="bal_speaker" behavior="0" />
      <RootComponent type="1" schemaName="bal_venue" behavior="0" />
      <RootComponent type="20" id="{b88c9a03-d7b3-ee11-a569-000d3a19a9da}" behavior="0" />
      <RootComponent type="29" id="{209c22c0-a8b7-ee11-a569-000d3a19a9da}" behavior="0" />
      <RootComponent type="29" id="{2b1cd800-18ba-ee11-a569-000d3a19a9da}" behavior="0" />
      <RootComponent type="29" id="{35088818-5fb5-ee11-a569-000d3a19a9da}" behavior="0" />
      <RootComponent type="29" id="{4a0d4a85-10b9-ee11-a569-000d3a19a9da}" behavior="0" />
      <RootComponent type="29" id="{4a485f90-e3ba-ee11-a569-000d3a19a9da}" behavior="0" />
      <RootComponent type="29" id="{6353d998-1ab9-ee11-a569-000d3a19a9da}" behavior="0" />
      <RootComponent type="29" id="{64ed4b4a-aab7-ee11-a569-000d3a19a9da}" behavior="0" />
      <RootComponent type="29" id="{a751ac4c-63b5-ee11-a569-000d3a19a9da}" behavior="0" />
      <RootComponent type="29" id="{c1c91309-deb9-ee11-a569-000d3a19a9da}" behavior="0" />
      <RootComponent type="29" id="{e11fdde8-5fb5-ee11-a569-000d3a19a9da}" behavior="0" />
      <RootComponent type="29" id="{ea7a3cac-c0ba-ee11-a569-000d3a19a9da}" behavior="0" />
      <RootComponent type="29" id="{ecfb9e4f-61b5-ee11-a569-000d3a19a9da}" behavior="0" />
      <RootComponent type="61" schemaName="bal_Attendee" behavior="0" />
      <RootComponent type="61" schemaName="bal_BPPCMethods.js" behavior="0" />
      <RootComponent type="61" schemaName="bal_CustomPage" behavior="0" />
      <RootComponent type="61" schemaName="bal_Event" behavior="0" />
      <RootComponent type="61" schemaName="bal_EventAppLogo" behavior="0" />
      <RootComponent type="61" schemaName="bal_JS" behavior="0" />
      <RootComponent type="61" schemaName="bal_PowerFx" behavior="0" />
      <RootComponent type="61" schemaName="bal_SendEmails" behavior="0" />
      <RootComponent type="61" schemaName="bal_Session" behavior="0" />
      <RootComponent type="61" schemaName="bal_Speaker" behavior="0" />
      <RootComponent type="61" schemaName="bal_Venue" behavior="0" />
      <RootComponent type="62" schemaName="bal_Eventsmanager" behavior="0" />
      <RootComponent type="80" schemaName="bal_Eventsmanager" behavior="0" />
      <RootComponent type="300" schemaName="bal_callbusinessevent_b04f9" behavior="0" />
      <RootComponent type="300" schemaName="bal_eventsmanagerdefaultcommandlibrary_d413f" behavior="0" />
      <RootComponent type="300" schemaName="bal_sendemailtoattendee_ea5e2" behavior="0" />
    </RootComponents>
    <MissingDependencies>
      <MissingDependency>
        <Required type="300" schemaName="cat_powercatcomponentlibrary_0be3a" displayName="Power CAT Component Library" solution="CreatorKitCore (1.0.20230727.2)" />
        <Dependent type="300" schemaName="bal_callbusinessevent_b04f9" displayName="Call Business Event" />
      </MissingDependency>
      <MissingDependency>
        <Required type="300" schemaName="cat_powercatcomponentlibrary_0be3a" displayName="Power CAT Component Library" solution="CreatorKitCore (1.0.20230727.2)" />
        <Dependent type="300" schemaName="bal_sendemailtoattendee_ea5e2" displayName="Send Email To Attendee" />
      </MissingDependency>
      <MissingDependency>
        <Required type="66" schemaName="cat_PowerCAT.Icon" displayName="cat_PowerCAT.Icon" solution="CreatorKitCore (1.0.20230727.2)" />
        <Dependent type="300" schemaName="bal_sendemailtoattendee_ea5e2" displayName="Send Email To Attendee" />
      </MissingDependency>
      <MissingDependency>
        <Required type="66" schemaName="MscrmControls.FieldControls.ToggleControl" displayName="MscrmControls.FieldControls.ToggleControl" solution="BaseCustomControlsCore (9.0.2311.4035)" />
        <Dependent type="60" displayName="Event admin form" parentDisplayName="EM Event" id="{69880cde-f9b2-ee11-a569-000d3a19a9da}" />
      </MissingDependency>
      <MissingDependency>
        <Required type="66" schemaName="MscrmControls.FieldControls.ToggleControl" displayName="MscrmControls.FieldControls.ToggleControl" solution="BaseCustomControlsCore (9.0.2311.4035)" />
        <Dependent type="60" displayName="Event main form" parentDisplayName="EM Event" id="{ffe321e9-7e1d-4405-ac4b-44bbbaba9c6c}" />
      </MissingDependency>
      <MissingDependency>
        <Required type="66" schemaName="MscrmControls.RichTextEditor.RichTextEditorControl" displayName="MscrmControls.RichTextEditor.RichTextEditorControl" solution="msdyn_RichTextEditor (1.0.0.2924)" />
        <Dependent type="60" displayName="Event admin form" parentDisplayName="EM Event" id="{69880cde-f9b2-ee11-a569-000d3a19a9da}" />
      </MissingDependency>
      <MissingDependency>
        <Required type="66" schemaName="MscrmControls.RichTextEditor.RichTextEditorControl" displayName="MscrmControls.RichTextEditor.RichTextEditorControl" solution="msdyn_RichTextEditor (1.0.0.2924)" />
        <Dependent type="60" displayName="Event main form" parentDisplayName="EM Event" id="{ffe321e9-7e1d-4405-ac4b-44bbbaba9c6c}" />
      </MissingDependency>
    </MissingDependencies>
  </SolutionManifest>
</ImportExportXml>