{
  "properties": {
    "connectionReferences": {
      "shared_office365": {
        "runtimeSource": "invoker",
        "connection": {
          "connectionReferenceLogicalName": "bal_Office365Outlook"
        },
        "api": {
          "name": "shared_office365"
        }
      }
    },
    "definition": {
      "$schema": "https://schema.management.azure.com/providers/Microsoft.Logic/schemas/2016-06-01/workflowdefinition.json#",
      "contentVersion": "1.0.0.0",
      "parameters": {
        "$connections": {
          "defaultValue": {},
          "type": "Object"
        },
        "$authentication": {
          "defaultValue": {},
          "type": "SecureObject"
        }
      },
      "triggers": {
        "manual": {
          "metadata": {
            "operationMetadataId": "9cdc8cde-744b-42a6-bd19-081284feed5d"
          },
          "type": "Request",
          "kind": "PowerAppV2",
          "inputs": {
            "schema": {
              "type": "object",
              "properties": {
                "text": {
                  "title": "Reciptents",
                  "type": "string",
                  "x-ms-dynamically-added": true,
                  "description": "Please enter your input",
                  "x-ms-content-hint": "TEXT"
                },
                "text_1": {
                  "title": "Subject",
                  "type": "string",
                  "x-ms-dynamically-added": true,
                  "description": "Please enter your input",
                  "x-ms-content-hint": "TEXT"
                },
                "text_2": {
                  "title": "Body",
                  "type": "string",
                  "x-ms-dynamically-added": true,
                  "description": "Please enter your input",
                  "x-ms-content-hint": "TEXT"
                }
              },
              "required": [
                "text",
                "text_1",
                "text_2"
              ]
            }
          }
        }
      },
      "actions": {
        "Try": {
          "actions": {
            "SendEmailToAttendee": {
              "runAfter": {},
              "metadata": {
                "operationMetadataId": "591afef7-c704-4ba2-b23f-6d749bc9cd58"
              },
              "type": "OpenApiConnection",
              "inputs": {
                "host": {
                  "connectionName": "shared_office365",
                  "operationId": "SendEmailV2",
                  "apiId": "/providers/Microsoft.PowerApps/apis/shared_office365"
                },
                "parameters": {
                  "emailMessage/To": "@triggerBody()['text']",
                  "emailMessage/Subject": "@triggerBody()['text_1']",
                  "emailMessage/Body": "<p>@{triggerBody()['text_2']}</p>",
                  "emailMessage/Importance": "Normal"
                },
                "authentication": "@parameters('$authentication')",
                "retryPolicy": {
                  "type": "none"
                }
              }
            },
            "Success": {
              "runAfter": {
                "SendEmailToAttendee": [
                  "Succeeded"
                ]
              },
              "metadata": {
                "operationMetadataId": "5ec21db2-053f-400e-92da-ee2e8ba5e7c8"
              },
              "type": "Response",
              "kind": "PowerApp",
              "inputs": {
                "statusCode": 200,
                "body": {
                  "result": "Success",
                  "exception": " "
                },
                "schema": {
                  "type": "object",
                  "properties": {
                    "result": {
                      "title": "Result",
                      "x-ms-dynamically-added": true,
                      "type": "string"
                    },
                    "exception": {
                      "title": "Exception",
                      "x-ms-dynamically-added": true,
                      "type": "string"
                    }
                  }
                }
              }
            }
          },
          "runAfter": {},
          "metadata": {
            "operationMetadataId": "3a36006e-e28a-4e2e-ad93-ee9ae28a8265"
          },
          "type": "Scope"
        },
        "Catch": {
          "actions": {
            "Try-Result": {
              "runAfter": {},
              "metadata": {
                "operationMetadataId": "98060e56-c7bb-489a-8da5-5d177e840ec9"
              },
              "type": "Compose",
              "inputs": "@result('Try')"
            },
            "Filter-Errors": {
              "runAfter": {
                "Try-Result": [
                  "Succeeded"
                ]
              },
              "metadata": {
                "operationMetadataId": "7e4d44f3-7826-4f76-803c-1f98bff71a47"
              },
              "type": "Query",
              "inputs": {
                "from": "@outputs('Try-Result')",
                "where": "@equals(item()?['status'], 'Failed')"
              }
            },
            "More_than_1_error_in_Try_scope": {
              "actions": {
                "FirstErrorMessage": {
                  "runAfter": {},
                  "metadata": {
                    "operationMetadataId": "2beaa9f8-8e94-408e-ba84-bb7467b6fc68"
                  },
                  "type": "Compose",
                  "inputs": "@coalesce(\n\tfirst(body('Filter-Errors'))?['error']?['message'],\n\tfirst(body('Filter-Errors'))?['body']?['error']?['message'],\n\tfirst(body('Filter-Errors'))?['outputs']?['body']?['error']?['message'],\n\t''\n)"
                },
                "FlowRunInstance": {
                  "runAfter": {
                    "FlowDisplayName": [
                      "Succeeded"
                    ]
                  },
                  "metadata": {
                    "operationMetadataId": "aa5e5a8f-c94e-4b46-acb0-e17473f39ad5"
                  },
                  "type": "Compose",
                  "inputs": "@concat('https://make.powerautomate.com/environments/', workflow()?['tags']['environmentName'], '/flows/', workflow()?['name'], '/runs/', workflow()?['run']['name'])"
                },
                "FlowDisplayName": {
                  "runAfter": {
                    "FirstErrorMessage": [
                      "Succeeded"
                    ]
                  },
                  "metadata": {
                    "operationMetadataId": "e2398a73-d0b4-4ad9-929b-7471a4ca3ff2"
                  },
                  "type": "Compose",
                  "inputs": "@workflow()?['tags']['flowDisplayName']"
                },
                "Error_with_Exception_details": {
                  "runAfter": {
                    "FlowRunInstance": [
                      "Succeeded"
                    ]
                  },
                  "metadata": {
                    "operationMetadataId": "5ec21db2-053f-400e-92da-ee2e8ba5e7c8"
                  },
                  "type": "Response",
                  "kind": "PowerApp",
                  "inputs": {
                    "statusCode": 200,
                    "body": {
                      "result": "Error",
                      "exception": " @{outputs('FirstErrorMessage')}"
                    },
                    "schema": {
                      "type": "object",
                      "properties": {
                        "result": {
                          "title": "Result",
                          "x-ms-dynamically-added": true,
                          "type": "string"
                        },
                        "exception": {
                          "title": "Exception",
                          "x-ms-dynamically-added": true,
                          "type": "string"
                        }
                      }
                    }
                  }
                }
              },
              "runAfter": {
                "Filter-Errors": [
                  "Succeeded"
                ]
              },
              "else": {
                "actions": {
                  "Error_with_NO_Exception_details": {
                    "runAfter": {},
                    "metadata": {
                      "operationMetadataId": "5ec21db2-053f-400e-92da-ee2e8ba5e7c8"
                    },
                    "type": "Response",
                    "kind": "PowerApp",
                    "inputs": {
                      "statusCode": 200,
                      "body": {
                        "result": "Error",
                        "exception": " "
                      },
                      "schema": {
                        "type": "object",
                        "properties": {
                          "result": {
                            "title": "Result",
                            "x-ms-dynamically-added": true,
                            "type": "string"
                          },
                          "exception": {
                            "title": "Exception",
                            "x-ms-dynamically-added": true,
                            "type": "string"
                          }
                        }
                      }
                    }
                  }
                }
              },
              "expression": {
                "greater": [
                  "@length(body('Filter-Errors'))",
                  0
                ]
              },
              "metadata": {
                "operationMetadataId": "2e5b4a9d-7ecd-4499-bb52-da1805a6c0e2"
              },
              "type": "If"
            }
          },
          "runAfter": {
            "Try": [
              "Failed",
              "Skipped",
              "TimedOut"
            ]
          },
          "metadata": {
            "operationMetadataId": "019011a6-7d0b-4f51-95ba-856c35b3257d"
          },
          "type": "Scope"
        }
      }
    },
    "templateName": ""
  },
  "schemaVersion": "1.0.0.0"
}