{
  "properties": {
    "connectionReferences": {
      "shared_microsoftforms": {
        "runtimeSource": "embedded",
        "connection": {
          "connectionReferenceLogicalName": "bal_sharedmicrosoftforms_61358"
        },
        "api": {
          "name": "shared_microsoftforms"
        }
      }
    },
    "definition": {
      "$schema": "https://schema.management.azure.com/providers/Microsoft.Logic/schemas/2016-06-01/workflowdefinition.json#",
      "contentVersion": "1.0.0.0",
      "parameters": {
        "$connections": {
          "defaultValue": {},
          "type": "Object"
        },
        "$authentication": {
          "defaultValue": {},
          "type": "SecureObject"
        }
      },
      "triggers": {
        "When_a_new_response_is_submitted": {
          "splitOn": "@triggerOutputs()?['body/value']",
          "metadata": {
            "operationMetadataId": "fca75927-9575-492f-8f41-27cc6379ed7d"
          },
          "type": "OpenApiConnectionWebhook",
          "inputs": {
            "host": {
              "connectionName": "shared_microsoftforms",
              "operationId": "CreateFormWebhook",
              "apiId": "/providers/Microsoft.PowerApps/apis/shared_microsoftforms"
            },
            "parameters": {
              "form_id": "DGx5P2SsS0-2gYhB1ZltQGFaUK4S0dJGq9Au7_5oxr5UME9RUFhJUzlGUzc2SUhaQjkyU1hLVU9EWS4u"
            },
            "authentication": "@parameters('$authentication')"
          }
        }
      },
      "actions": {
        "AttendeeData": {
          "runAfter": {
            "FormResponse": [
              "Succeeded"
            ]
          },
          "metadata": {
            "operationMetadataId": "5812c7d2-3b9d-4730-832b-82fb499465ad"
          },
          "type": "Compose",
          "inputs": {
            "Event": "Baltic Power Platform Meetup - February 2024",
            "FirstName": "@{outputs('FormResponse')?['body/r1acb5addd6434a3d82e8698a21d91653']}",
            "LastName": "@{outputs('FormResponse')?['body/r799a9a40c9f247a09e2634bb37c4dd74']}",
            "Email": "@{outputs('FormResponse')?['body/r02a3a26c0a924b7db385472c958e88a0']}",
            "Company": "@{outputs('FormResponse')?['body/r2d6df5bbdbff46119bce193a942860b5']}",
            "JobTitle": "@{outputs('FormResponse')?['body/ra19945bbca5a40e187c806125193a4a7']}",
            "PhoneNumber": "@{outputs('FormResponse')?['body/rba541eeec9074d21aeb9f0292fa3482a']}"
          },
          "description": "EDIT - Event below"
        },
        "FormResponse": {
          "runAfter": {},
          "metadata": {
            "operationMetadataId": "5a056c83-d766-4c02-8ed6-1d788b7e4072"
          },
          "type": "OpenApiConnection",
          "inputs": {
            "host": {
              "connectionName": "shared_microsoftforms",
              "operationId": "GetFormResponseById",
              "apiId": "/providers/Microsoft.PowerApps/apis/shared_microsoftforms"
            },
            "parameters": {
              "form_id": "@trigger()?['inputs']?['parameters']?['form_id']",
              "response_id": "@triggerOutputs()?['body/resourceData/responseId']"
            },
            "authentication": "@parameters('$authentication')"
          }
        },
        "Run_a_Child_Flow": {
          "runAfter": {
            "AttendeeDataParsed": [
              "Succeeded"
            ]
          },
          "metadata": {
            "operationMetadataId": "8a67ad22-bcaa-4322-b8b8-ad1c2f4acf02"
          },
          "type": "Workflow",
          "inputs": {
            "host": {
              "workflowReferenceName": "a751ac4c-63b5-ee11-a569-000d3a19a9da"
            },
            "body": {
              "text": "@body('AttendeeDataParsed')?['Event']",
              "text_1": "@body('AttendeeDataParsed')?['FirstName']",
              "text_2": "@body('AttendeeDataParsed')?['LastName']",
              "text_3": "@body('AttendeeDataParsed')?['Email']",
              "text_4": "@body('AttendeeDataParsed')?['Company']",
              "text_5": "@body('AttendeeDataParsed')?['JobTitle']",
              "text_6": "@body('AttendeeDataParsed')?['PhoneNumber']"
            }
          }
        },
        "AttendeeDataParsed": {
          "runAfter": {
            "AttendeeData": [
              "Succeeded"
            ]
          },
          "metadata": {
            "operationMetadataId": "202518d5-6385-4b2f-80ad-4df6be074b7d"
          },
          "type": "ParseJson",
          "inputs": {
            "content": "@outputs('AttendeeData')",
            "schema": {
              "type": "object",
              "properties": {
                "Event": {
                  "type": "string"
                },
                "FirstName": {
                  "type": "string"
                },
                "LastName": {
                  "type": "string"
                },
                "Email": {
                  "type": "string"
                },
                "Company": {
                  "type": "string"
                },
                "JobTitle": {
                  "type": "string"
                },
                "PhoneNumber": {
                  "type": "string"
                }
              }
            }
          }
        }
      }
    },
    "templateName": ""
  },
  "schemaVersion": "1.0.0.0"
}