{
  "properties": {
    "connectionReferences": {
      "shared_commondataserviceforapps": {
        "runtimeSource": "embedded",
        "connection": {
          "connectionReferenceLogicalName": "bal_sharedcommondataserviceforapps_c0e80"
        },
        "api": {
          "name": "shared_commondataserviceforapps"
        }
      }
    },
    "definition": {
      "$schema": "https://schema.management.azure.com/providers/Microsoft.Logic/schemas/2016-06-01/workflowdefinition.json#",
      "contentVersion": "1.0.0.0",
      "parameters": {
        "$connections": {
          "defaultValue": {},
          "type": "Object"
        },
        "$authentication": {
          "defaultValue": {},
          "type": "SecureObject"
        }
      },
      "triggers": {
        "manual": {
          "metadata": {
            "operationMetadataId": "b02bef09-8348-4961-85fe-6e7946826779"
          },
          "type": "Request",
          "kind": "Button",
          "inputs": {
            "schema": {
              "type": "object",
              "properties": {},
              "required": []
            }
          }
        }
      },
      "actions": {
        "AllAttendees": {
          "runAfter": {},
          "metadata": {
            "operationMetadataId": "9f362a48-fe37-4b60-b2cb-af159f9fff68"
          },
          "type": "OpenApiConnection",
          "inputs": {
            "host": {
              "connectionName": "shared_commondataserviceforapps",
              "operationId": "ListRecords",
              "apiId": "/providers/Microsoft.PowerApps/apis/shared_commondataserviceforapps"
            },
            "parameters": {
              "entityName": "bal_atendees",
              "$select": "bal_atendeeid"
            },
            "authentication": {
              "type": "Raw",
              "value": "@json(decodeBase64(triggerOutputs().headers['X-MS-APIM-Tokens']))['$ConnectionKey']"
            }
          }
        },
        "More_then_0_Attendees": {
          "actions": {
            "AllAttendeeIDs": {
              "runAfter": {},
              "metadata": {
                "operationMetadataId": "6cbb0e8a-9ea3-44f1-b56b-7f10f8eddb4f"
              },
              "type": "Select",
              "inputs": {
                "from": "@outputs('AllAttendees')?['body/value']",
                "select": "@item()?['bal_atendeeid']"
              }
            },
            "Perform_an_unbound_action": {
              "runAfter": {
                "AllAttendeeIDs": [
                  "Succeeded"
                ]
              },
              "metadata": {
                "operationMetadataId": "43f81d2f-e271-49a8-8330-4f9b7b236868"
              },
              "type": "OpenApiConnection",
              "inputs": {
                "host": {
                  "connectionName": "shared_commondataserviceforapps",
                  "operationId": "PerformUnboundAction",
                  "apiId": "/providers/Microsoft.PowerApps/apis/shared_commondataserviceforapps"
                },
                "parameters": {
                  "actionName": "bal_OnSendEmailsToAttendeesCustomApi",
                  "item/bal_SelectedAttendees": "@join(body('AllAttendeeIDs'),';')"
                },
                "authentication": {
                  "type": "Raw",
                  "value": "@json(decodeBase64(triggerOutputs().headers['X-MS-APIM-Tokens']))['$ConnectionKey']"
                }
              }
            }
          },
          "runAfter": {
            "AllAttendees": [
              "Succeeded"
            ]
          },
          "expression": {
            "greater": [
              "@length(body('AllAttendees')['value'])",
              "@int(0)"
            ]
          },
          "metadata": {
            "operationMetadataId": "d17b5264-459b-4fb0-9146-6575da3e5879"
          },
          "type": "If"
        }
      }
    },
    "templateName": null
  },
  "schemaVersion": "1.0.0.0"
}