<appaction uniquename="bal__SetTriggerFlowJS!6c6ce49107aa42cbb90d136d70e21b9e!bal_Eventsmanager!bal_atendee!1">
  <appmoduleid>
    <uniquename>bal_Eventsmanager</uniquename>
  </appmoduleid>
  <buttonaccessibilitytext default="Set Trigger Flow (JS)">
    <label description="Set Trigger Flow (JS)" languagecode="1033" />
  </buttonaccessibilitytext>
  <buttonlabeltext default="Set Trigger Flow (JS)">
    <label description="Set Trigger Flow (JS)" languagecode="1033" />
  </buttonlabeltext>
  <buttontooltipdescription default="Set Trigger Flow (JS)">
    <label description="Set Trigger Flow (JS)" languagecode="1033" />
  </buttontooltipdescription>
  <buttontooltiptitle default="Set Trigger Flow (JS)">
    <label description="Set Trigger Flow (JS)" languagecode="1033" />
  </buttontooltiptitle>
  <context>1</context>
  <contextentity>
    <logicalname>bal_atendee</logicalname>
  </contextentity>
  <contextvalue>bal_atendee</contextvalue>
  <hidden>0</hidden>
  <iconwebresourceid>
    <webresourceid>183a1e88-0cba-ee11-a569-000d3a19a9da</webresourceid>
  </iconwebresourceid>
  <iscustomizable>1</iscustomizable>
  <isdisabled>0</isdisabled>
  <isgrouptitlehidden>0</isgrouptitlehidden>
  <location>1</location>
  <name>SetTriggerFlowJS!6c6ce49107aa42cbb90d136d70e21b9e</name>
  <onclickeventjavascriptfunctionname>BPPC.Methods.ModifyTriggerFlow</onclickeventjavascriptfunctionname>
  <onclickeventjavascriptparameters>[{"type":12},{"type":23}]</onclickeventjavascriptparameters>
  <onclickeventjavascriptwebresourceid>
    <webresourceid>0da1e4d9-ffb5-ee11-a569-000d3a19a9da</webresourceid>
  </onclickeventjavascriptwebresourceid>
  <onclickeventtype>2</onclickeventtype>
  <origin>0</origin>
  <sequence>687568756.8750000000</sequence>
  <statecode>0</statecode>
  <statuscode>1</statuscode>
  <type>0</type>
  <visibilityformulacomponentlibraryid>
    <name>bal_eventsmanagerdefaultcommandlibrary_d413f</name>
  </visibilityformulacomponentlibraryid>
  <visibilityformulacomponentname>39b74936163541f49911bc16644c1c23</visibilityformulacomponentname>
  <visibilityformulafunctionname>Visible</visibilityformulafunctionname>
  <visibilitytype>1</visibilitytype>
</appaction>