<manifest><control namespace="PowerCAT" constructor="Picker" version="1.1.29" display-name-key="Picker" description-key="Picker_Desc" control-type="virtual" api-version="1.3.4"><property name="TagMaxWidth" description-key="TagMaxWidth_Desc" display-name-key="TagMaxWidth" required="true" usage="input" of-type="Decimal" default-value="200" /><property name="AllowFreeText" description-key="AllowFreeText_Desc" display-name-key="AllowFreeText" usage="input" of-type="TwoOptions" /><property name="SearchTermToShortMessage" description-key="SearchTermToShortMessage_Desc" display-name-key="SearchTermToShortMessage" required="true" usage="input" of-type="SingleLine.Text" default-value="Continue Typing..." /><property name="HintText" description-key="HintText_Desc" display-name-key="HintText" required="true" usage="input" of-type="SingleLine.Text" default-value="Search" /><property name="NoSuggestionFoundMessage" description-key="NoSuggestionFoundMessage_Desc" display-name-key="NoSuggestionFoundMessage" required="true" usage="input" of-type="SingleLine.Text" default-value="No Suggestions Found" /><property name="MinimumSearchTermLength" description-key="MinimumSearchTermLength_Desc" display-name-key="MinimumSearchTermLength" required="true" usage="input" of-type="Whole.None" default-value="3" /><property name="MaxTags" description-key="MaxTags_Desc" display-name-key="MaxTags" required="true" usage="input" of-type="Whole.None" default-value="10" /><property name="Error" description-key="Error_Desc" display-name-key="Error" required="false" usage="input" of-type="TwoOptions" /><property name="Theme" display-name-key="Theme" of-type="Multiple" usage="input" required="false" /><property name="FontSize" display-name-key="FontSize" of-type="Whole.None" usage="input" /><property name="BorderRadius" display-name-key="BorderRadius" of-type="Whole.None" usage="input" /><property name="ItemHeight" display-name-key="ItemHeight" of-type="Whole.None" usage="input" /><property name="AccessibilityLabel" display-name-key="AccessibilityLabel" description-key="AccessibilityLabel_Desc" of-type="SingleLine.Text" usage="input" required="false" /><property name="TagEvent" description-key="TagEvent_Desc" display-name-key="TagEvent" usage="output" of-type="SingleLine.Text" /><property name="TagKey" description-key="TagKey_Desc" display-name-key="TagKey" usage="output" of-type="SingleLine.Text" /><property name="TagDisplayName" description-key="TagDisplayName_Desc" display-name-key="TagDisplayName" usage="output" of-type="SingleLine.Text" /><property name="SearchTerm" description-key="SearchTerm_Desc" display-name-key="SearchTerm" usage="output" of-type="SingleLine.Text" /><property name="InputEvent" display-name-key="InputEvent" description-key="InputEvent_Desc" of-type="SingleLine.Text" usage="input" /><property name="AutoHeight" description-key="AutoHeight_Desc" display-name-key="AutoHeight" usage="output" of-type="Whole.None" /><data-set name="Tags" display-name-key="Tags"><property-set name="TagsKey" display-name-key="TagsKey" description-key="TagKey_Desc" of-type="SingleLine.Text" usage="bound" required="true" /><property-set name="TagsDisplayName" display-name-key="TagsDisplayName" description-key="TagsDisplayName_Desc" of-type="SingleLine.Text" usage="bound" required="true" /><property-set name="TagsError" display-name-key="TagError" description-key="TagError_Desc" of-type="TwoOptions" usage="bound" required="false" /><property-set name="TagsIconName" display-name-key="IconName" of-type="SingleLine.Text" usage="bound" required="false" /><property-set name="TagsIconColor" display-name-key="IconColor" of-type="SingleLine.Text" usage="bound" required="false" /><property-set name="TagsTextColor" display-name-key="ItemTextColor" of-type="SingleLine.Text" usage="bound" required="false" /><property-set name="TagsBackgroundColor" display-name-key="ItemBackgroundColor" of-type="SingleLine.Text" usage="bound" required="false" /><property-set name="TagsHoverBackgroundColor" display-name-key="TagsHoverBackgroundColor" of-type="SingleLine.Text" usage="bound" required="false" /><property-set name="TagsBorderColor" display-name-key="ItemBorderColor" of-type="SingleLine.Text" usage="bound" required="false" /><property-set name="TagsHoverBorderColor" display-name-key="TagHoverBorderColor" of-type="SingleLine.Text" usage="bound" required="false" /></data-set><data-set name="Suggestions" display-name-key="Suggestions"><property-set name="SuggestionsKey" display-name-key="SuggestionKey" of-type="SingleLine.Text" usage="bound" required="true" /><property-set name="SuggestionsDisplayName" display-name-key="SuggestionDisplayName" description-key="SuggestionDisplayName_Desc" of-type="SingleLine.Text" usage="bound" required="true" /><property-set name="SuggestionsSubDisplayName" display-name-key="SuggestionSubDisplayName" description-key="SuggestionSubDisplayName_Desc" of-type="SingleLine.Text" usage="bound" required="true" /><property-set name="SuggestionsIconName" display-name-key="IconName" of-type="SingleLine.Text" usage="bound" required="false" /><property-set name="SuggestionsIconColor" display-name-key="IconColor" of-type="SingleLine.Text" usage="bound" required="false" /><property-set name="SuggestionsTextColor" display-name-key="ItemTextColor" of-type="SingleLine.Text" usage="bound" required="false" /><property-set name="SuggestionsBackgroundColor" display-name-key="ItemBackgroundColor" of-type="SingleLine.Text" usage="bound" required="false" /><property-set name="SuggestionsHoverBackgroundColor" display-name-key="SuggestionsHoverBackgroundColor" of-type="SingleLine.Text" usage="bound" required="false" /><property-set name="SuggestionsBorderColor" display-name-key="ItemBorderColor" of-type="SingleLine.Text" usage="bound" required="false" /><property-set name="SuggestionsHoverBorderColor" display-name-key="TagHoverBorderColor" of-type="SingleLine.Text" usage="bound" required="false" /></data-set><resources><code path="bundle.js" order="1" /><resx path="strings/TagPicker.1033.resx" version="1.0.0" /><css path="css/TagPicker.css" order="1" /><platform-library name="React" version="16.8.6" /><platform-library name="Fluent" version="8.29.0" /></resources><built-by name="pac" version="1.14.2" /></control></manifest>