<catalog uniquename="bal_BPPCCatalogBusinessEvents">
  <description default="BPPC Catalog Business Events">
    <label description="BPPC Catalog Business Events" languagecode="1033" />
  </description>
  <displayname default="BPPC Catalog Business Events">
    <label description="BPPC Catalog Business Events" languagecode="1033" />
  </displayname>
  <iscustomizable>1</iscustomizable>
  <name>bal_BPPCCatalogBusinessEvents</name>
  <parentcatalogid>
    <uniquename>bal_BPPCCatalog</uniquename>
  </parentcatalogid>
</catalog>