{
  "properties": {
    "connectionReferences": {
      "shared_commondataserviceforapps": {
        "runtimeSource": "embedded",
        "connection": {
          "connectionReferenceLogicalName": "bal_sharedcommondataserviceforapps_c0e80"
        },
        "api": {
          "name": "shared_commondataserviceforapps"
        }
      }
    },
    "definition": {
      "$schema": "https://schema.management.azure.com/providers/Microsoft.Logic/schemas/2016-06-01/workflowdefinition.json#",
      "contentVersion": "1.0.0.0",
      "parameters": {
        "$connections": {
          "defaultValue": {},
          "type": "Object"
        },
        "$authentication": {
          "defaultValue": {},
          "type": "SecureObject"
        }
      },
      "triggers": {
        "When_a_row_is_added,_modified_or_deleted": {
          "metadata": {
            "operationMetadataId": "829e77f9-5e42-4e71-a488-558202e05cd1"
          },
          "type": "OpenApiConnectionWebhook",
          "inputs": {
            "host": {
              "connectionName": "shared_commondataserviceforapps",
              "operationId": "SubscribeWebhookTrigger",
              "apiId": "/providers/Microsoft.PowerApps/apis/shared_commondataserviceforapps"
            },
            "parameters": {
              "subscriptionRequest/message": 3,
              "subscriptionRequest/entityname": "bal_atendee",
              "subscriptionRequest/scope": 4,
              "subscriptionRequest/filteringattributes": "bal_triggerflow",
              "subscriptionRequest/runas": 3
            },
            "authentication": "@parameters('$authentication')"
          }
        }
      },
      "actions": {
        "GetAttendee": {
          "runAfter": {},
          "metadata": {
            "operationMetadataId": "4167939a-8cb6-4211-be8d-ff70db4d48e2"
          },
          "type": "OpenApiConnection",
          "inputs": {
            "host": {
              "connectionName": "shared_commondataserviceforapps",
              "operationId": "GetItem",
              "apiId": "/providers/Microsoft.PowerApps/apis/shared_commondataserviceforapps"
            },
            "parameters": {
              "entityName": "bal_atendees",
              "recordId": "@triggerOutputs()?['body/bal_atendeeid']"
            },
            "authentication": "@parameters('$authentication')"
          }
        },
        "Compose": {
          "runAfter": {
            "GetAttendee": [
              "Succeeded"
            ]
          },
          "metadata": {
            "operationMetadataId": "07794c60-26e3-4730-ac79-540ef33c5144"
          },
          "type": "Compose",
          "inputs": "@outputs('GetAttendee')?['body/bal_emailaddress']"
        }
      }
    },
    "templateName": ""
  },
  "schemaVersion": "1.0.0.0"
}