{
  "properties": {
    "connectionReferences": {
      "shared_flowmanagement": {
        "runtimeSource": "invoker",
        "connection": {
          "connectionReferenceLogicalName": "bal_sharedflowmanagement_171ee"
        },
        "api": {
          "name": "shared_flowmanagement"
        }
      }
    },
    "definition": {
      "$schema": "https://schema.management.azure.com/providers/Microsoft.Logic/schemas/2016-06-01/workflowdefinition.json#",
      "contentVersion": "1.0.0.0",
      "parameters": {
        "$connections": {
          "defaultValue": {},
          "type": "Object"
        },
        "$authentication": {
          "defaultValue": {},
          "type": "SecureObject"
        },
        "EnvironmentId (bal_EnvironmentId)": {
          "defaultValue": "7181830c-3ff8-e772-a9c0-adc1bbe33012",
          "type": "String",
          "metadata": {
            "schemaName": "bal_EnvironmentId"
          }
        },
        "FlowId (bal_FlowId)": {
          "defaultValue": "2726d47f-51ab-4d6b-aa2b-052a9d708299",
          "type": "String",
          "metadata": {
            "schemaName": "bal_FlowId"
          }
        }
      },
      "triggers": {
        "manual": {
          "metadata": {
            "operationMetadataId": "658efce5-cff5-4835-8197-65c36c76e2fc"
          },
          "type": "Request",
          "kind": "Button",
          "inputs": {
            "schema": {
              "type": "object",
              "properties": {},
              "required": []
            }
          }
        }
      },
      "actions": {
        "Get_Flow": {
          "runAfter": {},
          "metadata": {
            "operationMetadataId": "77ed1a2f-89df-40f5-b957-647e636731d1"
          },
          "type": "OpenApiConnection",
          "inputs": {
            "host": {
              "connectionName": "shared_flowmanagement",
              "operationId": "GetFlow",
              "apiId": "/providers/Microsoft.PowerApps/apis/shared_flowmanagement"
            },
            "parameters": {
              "environmentName": "@parameters('EnvironmentId (bal_EnvironmentId)')",
              "flowName": "@parameters('FlowId (bal_FlowId)')"
            },
            "authentication": {
              "type": "Raw",
              "value": "@json(decodeBase64(triggerOutputs().headers['X-MS-APIM-Tokens']))['$ConnectionKey']"
            }
          }
        }
      }
    },
    "templateName": null
  },
  "schemaVersion": "1.0.0.0"
}