{
  "properties": {
    "connectionReferences": {
      "shared_flowmanagement": {
        "runtimeSource": "invoker",
        "connection": {
          "connectionReferenceLogicalName": "bal_sharedflowmanagement_171ee"
        },
        "api": {
          "name": "shared_flowmanagement"
        }
      }
    },
    "definition": {
      "$schema": "https://schema.management.azure.com/providers/Microsoft.Logic/schemas/2016-06-01/workflowdefinition.json#",
      "contentVersion": "1.0.0.0",
      "parameters": {
        "$authentication": {
          "defaultValue": {},
          "type": "SecureObject"
        },
        "$connections": {
          "defaultValue": {},
          "type": "Object"
        },
        "EnvironmentId (bal_EnvironmentId)": {
          "defaultValue": "7181830c-3ff8-e772-a9c0-adc1bbe33012",
          "type": "String",
          "metadata": {
            "schemaName": "bal_EnvironmentId"
          }
        }
      },
      "triggers": {
        "manual": {
          "metadata": {
            "operationMetadataId": "1cbe6860-0806-4dd2-b6ad-9ccb291972fb"
          },
          "type": "Request",
          "kind": "Button",
          "inputs": {
            "schema": {
              "type": "object",
              "properties": {
                "text": {
                  "title": "MS Form Id",
                  "type": "string",
                  "x-ms-dynamically-added": true,
                  "description": "Please enter your input",
                  "x-ms-content-hint": "TEXT"
                },
                "text_1": {
                  "title": "Event Name",
                  "type": "string",
                  "x-ms-dynamically-added": true,
                  "description": "Please enter your input",
                  "x-ms-content-hint": "TEXT"
                },
                "text_2": {
                  "title": "Flow Name",
                  "type": "string",
                  "x-ms-dynamically-added": true,
                  "description": "Please enter your input",
                  "x-ms-content-hint": "TEXT"
                }
              },
              "required": [
                "text",
                "text_1",
                "text_2"
              ]
            }
          }
        }
      },
      "actions": {
        "FlowConnectionReferences-JSON": {
          "runAfter": {},
          "metadata": {
            "operationMetadataId": "3cc112d5-af4a-4e07-a66e-c860cad2118e"
          },
          "type": "Compose",
          "inputs": "@string('[\r\n  {\r\n    \"connectionName\": \"shared-microsoftform-2150f27d-5244-431e-9f53-b289479830ab\",    \r\n    \"id\": \"/providers/Microsoft.PowerApps/apis/shared_microsoftforms\"    \r\n  }\r\n]')"
        },
        "FlowDefinition-JSON": {
          "runAfter": {
            "FlowConnectionReferences-JSON": [
              "Succeeded"
            ]
          },
          "metadata": {
            "operationMetadataId": "6a582700-283f-4e0d-ba86-68eed14c6568"
          },
          "type": "Compose",
          "inputs": "@string('{\n  \"$schema\": \"https://schema.management.azure.com/providers/Microsoft.Logic/schemas/2016-06-01/workflowdefinition.json#\",\n  \"contentVersion\": \"1.0.0.0\",\n  \"parameters\": {\n    \"$connections\": {\n      \"defaultValue\": {},\n      \"type\": \"Object\"\n    },\n    \"$authentication\": {\n      \"defaultValue\": {},\n      \"type\": \"SecureObject\"\n    }\n  },\n  \"triggers\": {\n    \"When_a_new_response_is_submitted\": {\n      \"splitOn\": \"@triggerOutputs()?[''body/value'']\",\n      \"metadata\": {\n        \"operationMetadataId\": \"fca75927-9575-492f-8f41-27cc6379ed7d\"\n      },\n      \"type\": \"OpenApiConnectionWebhook\",\n      \"inputs\": {\n        \"host\": {\n          \"apiId\": \"/providers/Microsoft.PowerApps/apis/shared_microsoftforms\",\n          \"connectionName\": \"shared_microsoftforms\",\n          \"operationId\": \"CreateFormWebhook\"\n        },\n        \"parameters\": {\n          \"form_id\": \"#FORM-ID#\"\n        },\n        \"authentication\": \"@parameters(''$authentication'')\"\n      }\n    }\n  },\n  \"actions\": {\n    \"AttendeeData\": {\n      \"runAfter\": {\n        \"FormResponse\": [\n          \"Succeeded\"\n        ]\n      },\n      \"metadata\": {\n        \"operationMetadataId\": \"5812c7d2-3b9d-4730-832b-82fb499465ad\"\n      },\n      \"type\": \"Compose\",\n      \"inputs\": {\n        \"Event\": \"#EVENT-NAME#\",\n        \"FirstName\": \"@{outputs(''FormResponse'')?[''body/r1acb5addd6434a3d82e8698a21d91653'']}\",\n        \"LastName\": \"@{outputs(''FormResponse'')?[''body/r799a9a40c9f247a09e2634bb37c4dd74'']}\",\n        \"Email\": \"@{outputs(''FormResponse'')?[''body/r02a3a26c0a924b7db385472c958e88a0'']}\",\n        \"Company\": \"@{outputs(''FormResponse'')?[''body/r2d6df5bbdbff46119bce193a942860b5'']}\",\n        \"JobTitle\": \"@{outputs(''FormResponse'')?[''body/ra19945bbca5a40e187c806125193a4a7'']}\",\n        \"PhoneNumber\": \"@{outputs(''FormResponse'')?[''body/rba541eeec9074d21aeb9f0292fa3482a'']}\"\n      },\n      \"description\": \"EDIT - Event below\"\n    },\n    \"FormResponse\": {\n      \"runAfter\": {},\n      \"metadata\": {\n        \"operationMetadataId\": \"5a056c83-d766-4c02-8ed6-1d788b7e4072\"\n      },\n      \"type\": \"OpenApiConnection\",\n      \"inputs\": {\n        \"host\": {\n          \"apiId\": \"/providers/Microsoft.PowerApps/apis/shared_microsoftforms\",\n          \"connectionName\": \"shared_microsoftforms\",\n          \"operationId\": \"GetFormResponseById\"\n        },\n        \"parameters\": {\n          \"form_id\": \"@trigger()?[''inputs'']?[''parameters'']?[''form_id'']\",\n          \"response_id\": \"@triggerOutputs()?[''body/resourceData/responseId'']\"\n        },\n        \"authentication\": \"@parameters(''$authentication'')\"\n      }\n    },\n    \"AttendeeDataParsed\": {\n      \"runAfter\": {\n        \"AttendeeData\": [\n          \"Succeeded\"\n        ]\n      },\n      \"metadata\": {\n        \"operationMetadataId\": \"202518d5-6385-4b2f-80ad-4df6be074b7d\"\n      },\n      \"type\": \"ParseJson\",\n      \"inputs\": {\n        \"content\": \"@outputs(''AttendeeData'')\",\n        \"schema\": {\n          \"type\": \"object\",\n          \"properties\": {\n            \"Event\": {\n              \"type\": \"string\"\n            },\n            \"FirstName\": {\n              \"type\": \"string\"\n            },\n            \"LastName\": {\n              \"type\": \"string\"\n            },\n            \"Email\": {\n              \"type\": \"string\"\n            },\n            \"Company\": {\n              \"type\": \"string\"\n            },\n            \"JobTitle\": {\n              \"type\": \"string\"\n            },\n            \"PhoneNumber\": {\n              \"type\": \"string\"\n            }\n          }\n        }\n      }\n    }\n  }\n}')",
          "description": "No Child Flows supported :-/"
        },
        "Create_Flow": {
          "runAfter": {
            "FlowDefinition-JSON": [
              "Succeeded"
            ]
          },
          "metadata": {
            "operationMetadataId": "ff638803-2acc-4ebd-a258-45e94471cc85"
          },
          "type": "OpenApiConnection",
          "inputs": {
            "parameters": {
              "Flow/properties/displayName": "@triggerBody()['text_2']",
              "Flow/properties/definition": "@json(replace(replace(outputs('FlowDefinition-JSON'),'#FORM-ID#',triggerBody()['text']),'#EVENT-NAME#',triggerBody()['text_1']))",
              "Flow/properties/state": "Stopped",
              "environmentName": "@parameters('EnvironmentId (bal_EnvironmentId)')",
              "Flow/properties/connectionReferences": "@json(outputs('FlowConnectionReferences-JSON'))"
            },
            "host": {
              "apiId": "/providers/Microsoft.PowerApps/apis/shared_flowmanagement",
              "operationId": "CreateFlow",
              "connectionName": "shared_flowmanagement"
            }
          }
        }
      }
    },
    "templateName": null
  },
  "schemaVersion": "1.0.0.0"
}