<appaction uniquename="bal__SendEmailtoAttend!3c2977a5a0cf4a11ac31abd4fe14a8d3!bal_Eventsmanager!bal_atendee!1">
  <appmoduleid>
    <uniquename>bal_Eventsmanager</uniquename>
  </appmoduleid>
  <buttonaccessibilitytext default="Kick-off Business Event (PowerFx)">
    <label description="Kick-off Business Event (PowerFx)" languagecode="1033" />
  </buttonaccessibilitytext>
  <buttonlabeltext default="Kick-off Business Event (PowerFx)">
    <label description="Kick-off Business Event (PowerFx)" languagecode="1033" />
  </buttonlabeltext>
  <buttontooltipdescription default="Kick-off Business Event (PowerFx)">
    <label description="Kick-off Business Event (PowerFx)" languagecode="1033" />
  </buttontooltipdescription>
  <buttontooltiptitle default="Kick-off Business Event (PowerFx)">
    <label description="Kick-off Business Event (PowerFx)" languagecode="1033" />
  </buttontooltiptitle>
  <context>1</context>
  <contextentity>
    <logicalname>bal_atendee</logicalname>
  </contextentity>
  <contextvalue>bal_atendee</contextvalue>
  <hidden>0</hidden>
  <iconwebresourceid>
    <webresourceid>6ac2be92-0cba-ee11-a569-000d3a19a9da</webresourceid>
  </iconwebresourceid>
  <iscustomizable>1</iscustomizable>
  <isdisabled>0</isdisabled>
  <isgrouptitlehidden>0</isgrouptitlehidden>
  <location>1</location>
  <name>SendEmailtoAttend!3c2977a5a0cf4a11ac31abd4fe14a8d3</name>
  <onclickeventformulacomponentlibraryid>
    <name>bal_eventsmanagerdefaultcommandlibrary_d413f</name>
  </onclickeventformulacomponentlibraryid>
  <onclickeventformulacomponentname>f36ac9a6d00c4ec2bee085304dc63892</onclickeventformulacomponentname>
  <onclickeventformulafunctionname>OnSelect</onclickeventformulafunctionname>
  <onclickeventtype>1</onclickeventtype>
  <origin>0</origin>
  <sequence>750075007.5000000000</sequence>
  <statecode>0</statecode>
  <statuscode>1</statuscode>
  <type>0</type>
  <visibilityformulacomponentlibraryid>
    <name>bal_eventsmanagerdefaultcommandlibrary_d413f</name>
  </visibilityformulacomponentlibraryid>
  <visibilityformulacomponentname>f36ac9a6d00c4ec2bee085304dc63892</visibilityformulacomponentname>
  <visibilityformulafunctionname>Visible</visibilityformulafunctionname>
  <visibilitytype>1</visibilitytype>
</appaction>