<appaction uniquename="bal__SetTriggerFlowPow!0c33c6d23f3a48ae95f83658b06d1521!bal_Eventsmanager!bal_atendee!1">
  <appmoduleid>
    <uniquename>bal_Eventsmanager</uniquename>
  </appmoduleid>
  <buttonaccessibilitytext default="Set Trigger Flow (PowerFx)">
    <label description="Set Trigger Flow (PowerFx)" languagecode="1033" />
  </buttonaccessibilitytext>
  <buttonlabeltext default="Set Trigger Flow (PowerFx)">
    <label description="Set Trigger Flow (PowerFx)" languagecode="1033" />
  </buttonlabeltext>
  <buttontooltipdescription default="Set Trigger Flow (PowerFx)">
    <label description="Set Trigger Flow (PowerFx)" languagecode="1033" />
  </buttontooltipdescription>
  <buttontooltiptitle default="Set Trigger Flow (PowerFx)">
    <label description="Set Trigger Flow (PowerFx)" languagecode="1033" />
  </buttontooltiptitle>
  <context>1</context>
  <contextentity>
    <logicalname>bal_atendee</logicalname>
  </contextentity>
  <contextvalue>bal_atendee</contextvalue>
  <hidden>0</hidden>
  <iconwebresourceid>
    <webresourceid>6ac2be92-0cba-ee11-a569-000d3a19a9da</webresourceid>
  </iconwebresourceid>
  <iscustomizable>1</iscustomizable>
  <isdisabled>0</isdisabled>
  <isgrouptitlehidden>0</isgrouptitlehidden>
  <location>1</location>
  <name>SetTriggerFlowPow!0c33c6d23f3a48ae95f83658b06d1521</name>
  <onclickeventformulacomponentlibraryid>
    <name>bal_eventsmanagerdefaultcommandlibrary_d413f</name>
  </onclickeventformulacomponentlibraryid>
  <onclickeventformulacomponentname>a9f4bc06a3554499824fc7565ad3b94a</onclickeventformulacomponentname>
  <onclickeventformulafunctionname>OnSelect</onclickeventformulafunctionname>
  <onclickeventtype>1</onclickeventtype>
  <origin>0</origin>
  <sequence>625062506.2500000000</sequence>
  <statecode>0</statecode>
  <statuscode>1</statuscode>
  <type>0</type>
  <visibilityformulacomponentlibraryid>
    <name>bal_eventsmanagerdefaultcommandlibrary_d413f</name>
  </visibilityformulacomponentlibraryid>
  <visibilityformulacomponentname>a9f4bc06a3554499824fc7565ad3b94a</visibilityformulacomponentname>
  <visibilityformulafunctionname>Visible</visibilityformulafunctionname>
  <visibilitytype>1</visibilitytype>
</appaction>