<appaction uniquename="bal__SendEmailtoAttend!f69e849e8eee47f0a2bfed2cac912734!bal_Eventsmanager!bal_atendee!1">
  <appmoduleid>
    <uniquename>bal_Eventsmanager</uniquename>
  </appmoduleid>
  <buttonaccessibilitytext default="Kick-off Business Event (JS)">
    <label description="Kick-off Business Event (JS)" languagecode="1033" />
  </buttonaccessibilitytext>
  <buttonlabeltext default="Kick-off Business Event (JS)">
    <label description="Kick-off Business Event (JS)" languagecode="1033" />
  </buttonlabeltext>
  <buttontooltipdescription default="Kick-off Business Event (JS)">
    <label description="Kick-off Business Event (JS)" languagecode="1033" />
  </buttontooltipdescription>
  <buttontooltiptitle default="Kick-off Business Event (JS)">
    <label description="Kick-off Business Event (JS)" languagecode="1033" />
  </buttontooltiptitle>
  <context>1</context>
  <contextentity>
    <logicalname>bal_atendee</logicalname>
  </contextentity>
  <contextvalue>bal_atendee</contextvalue>
  <hidden>0</hidden>
  <iconwebresourceid>
    <webresourceid>183a1e88-0cba-ee11-a569-000d3a19a9da</webresourceid>
  </iconwebresourceid>
  <iscustomizable>1</iscustomizable>
  <isdisabled>0</isdisabled>
  <isgrouptitlehidden>0</isgrouptitlehidden>
  <location>1</location>
  <name>SendEmailtoAttend!f69e849e8eee47f0a2bfed2cac912734</name>
  <onclickeventjavascriptfunctionname>BPPC.Methods.RunCustomApi</onclickeventjavascriptfunctionname>
  <onclickeventjavascriptparameters>[{"type":23}]</onclickeventjavascriptparameters>
  <onclickeventjavascriptwebresourceid>
    <webresourceid>0da1e4d9-ffb5-ee11-a569-000d3a19a9da</webresourceid>
  </onclickeventjavascriptwebresourceid>
  <onclickeventtype>2</onclickeventtype>
  <origin>0</origin>
  <sequence>875087508.7500000000</sequence>
  <statecode>0</statecode>
  <statuscode>1</statuscode>
  <type>0</type>
  <visibilityformulacomponentlibraryid>
    <name>bal_eventsmanagerdefaultcommandlibrary_d413f</name>
  </visibilityformulacomponentlibraryid>
  <visibilityformulacomponentname>28b95687734142edb46699370b3718fb</visibilityformulacomponentname>
  <visibilityformulafunctionname>Visible</visibilityformulafunctionname>
  <visibilitytype>1</visibilitytype>
</appaction>