<customapi uniquename="bal_OnSendEmailsToAttendeesCustomApi">
  <allowedcustomprocessingsteptype>1</allowedcustomprocessingsteptype>
  <bindingtype>0</bindingtype>
  <description default="OnSendEmailsToAttendeesCustomApi">
    <label description="OnSendEmailsToAttendeesCustomApi" languagecode="1033" />
  </description>
  <displayname default="OnSendEmailsToAttendeesCustomApi">
    <label description="OnSendEmailsToAttendeesCustomApi" languagecode="1033" />
  </displayname>
  <iscustomizable>1</iscustomizable>
  <isfunction>0</isfunction>
  <isprivate>0</isprivate>
  <name>OnSendEmailsToAttendeesCustomApi</name>
  <workflowsdkstepenabled>0</workflowsdkstepenabled>
</customapi>