<manifest><control namespace="PowerCAT" constructor="FluentDetailsList" version="1.1.29" display-name-key="FluentDetailsList" description-key="FluentDetailsList_Desc" control-type="virtual" api-version="1.3.4"><external-service-usage enabled="false" /><data-set name="records" display-name-key="Records"><property-set name="RecordKey" display-name-key="RecordKey" of-type="SingleLine.Text" usage="bound" required="false" /><property-set name="RecordCanSelect" display-name-key="RecordCanSelect" of-type="TwoOptions" usage="bound" required="false" /><property-set name="RecordSelected" display-name-key="RecordSelected" of-type="TwoOptions" usage="bound" required="false" /></data-set><data-set name="columns" display-name-key="Columns"><property-set name="ColDisplayName" display-name-key="ColDisplayName" of-type="SingleLine.Text" usage="bound" required="true" /><property-set name="ColName" display-name-key="ColName" of-type="SingleLine.Text" usage="bound" required="true" /><property-set name="ColWidth" display-name-key="ColWidth" of-type="Whole.None" usage="bound" required="true" /><property-set name="ColCellType" display-name-key="ColCellType" of-type="SingleLine.Text" usage="bound" required="false" /><property-set name="ColHorizontalAlign" display-name-key="ColHorizontalAlign" of-type="SingleLine.Text" usage="bound" required="true" /><property-set name="ColVerticalAlign" display-name-key="ColVerticalAlign" of-type="SingleLine.Text" usage="bound" required="true" /><property-set name="ColMultiLine" display-name-key="ColIsMultiLine" of-type="TwoOptions" usage="bound" required="true" /><property-set name="ColResizable" display-name-key="ColResizable" of-type="TwoOptions" usage="bound" required="false" /><property-set name="ColSortable" display-name-key="ColSortable" of-type="TwoOptions" usage="bound" required="false" /><property-set name="ColSortBy" display-name-key="ColSortBy" of-type="SingleLine.Text" usage="bound" required="false" /><property-set name="ColIsBold" display-name-key="ColIsBold" of-type="TwoOptions" usage="bound" required="false" /><property-set name="ColTagColorColumn" display-name-key="ColTagColorColumn" of-type="SingleLine.Text" usage="bound" required="false" /><property-set name="ColTagBorderColorColumn" display-name-key="ColTagBorderColorColumn" of-type="SingleLine.Text" usage="bound" required="false" /><property-set name="ColHeaderPaddingLeft" display-name-key="ColHeaderPaddingLeft" of-type="Whole.None" usage="bound" required="false" /><property-set name="ColShowAsSubTextOf" display-name-key="ColShowAsSubTextOf" of-type="SingleLine.Text" usage="bound" required="false" /><property-set name="ColPaddingLeft" display-name-key="ColPaddingLeft" of-type="Whole.None" usage="bound" required="false" /><property-set name="ColPaddingTop" display-name-key="ColPaddingTop" of-type="Whole.None" usage="bound" required="false" /><property-set name="ColLabelAbove" display-name-key="ColLabelAbove" of-type="TwoOptions" usage="bound" required="false" /><property-set name="ColMultiValueDelimiter" display-name-key="ColMultiValueDelimiter" of-type="SingleLine.Text" usage="bound" required="false" /><property-set name="ColFirstMultiValueBold" display-name-key="ColFirstMultiValueBold" of-type="TwoOptions" usage="bound" required="false" /><property-set name="ColInlineLabel" display-name-key="ColInlineLabel" of-type="SingleLine.Text" usage="bound" required="false" /><property-set name="ColHideWhenBlank" display-name-key="ColHideWhenBlank" of-type="TwoOptions" usage="bound" required="false" /><property-set name="ColSubTextRow" display-name-key="ColSubTextRow" of-type="TwoOptions" usage="bound" required="false" /><property-set name="ColAriaTextColumn" display-name-key="ColAriaTextColumn" of-type="SingleLine.Text" usage="bound" required="false" /><property-set name="ColCellActionDisabledColumn" display-name-key="ColCellActionDisabledColumn" of-type="SingleLine.Text" usage="bound" required="false" /><property-set name="ColImageWidth" display-name-key="ColImageWidth" of-type="Whole.None" usage="bound" required="false" /><property-set name="ColImagePadding" display-name-key="ColImagePadding" of-type="Whole.None" usage="bound" required="false" /><property-set name="ColRowHeader" display-name-key="ColRowHeader" of-type="TwoOptions" usage="bound" required="false" /></data-set><property name="SelectionType" display-name-key="SelectionType" of-type="Enum" usage="input" required="true" default-value="1"><value name="None" display-name-key="None">0</value><value name="Single" display-name-key="Single">1</value><value name="Multiple" display-name-key="Multiple">2</value></property><property name="SelectRowsOnFocus" display-name-key="SelectRowsOnFocus" of-type="TwoOptions" usage="input" required="false" default-value="false" /><property name="PageSize" display-name-key="PageSize" of-type="Whole.None" usage="input" default-value="150" /><property name="LargeDatasetPaging" display-name-key="LargeDatasetPaging" of-type="TwoOptions" usage="input" default-value="false" /><property name="PageNumber" display-name-key="PageNumber" of-type="Whole.None" usage="output" required="false" /><property name="HasNextPage" display-name-key="HasNextPage" of-type="TwoOptions" usage="output" required="false" /><property name="HasPreviousPage" display-name-key="HasNextPage" of-type="TwoOptions" usage="output" required="false" /><property name="TotalRecords" display-name-key="TotalRecords" of-type="Whole.None" usage="output" required="false" /><property name="TotalPages" display-name-key="TotalPages" of-type="Whole.None" usage="output" required="false" /><property name="CurrentSortColumn" display-name-key="CurrentSortColumn" of-type="SingleLine.Text" usage="input" /><property name="CurrentSortDirection" display-name-key="CurrentSortDirection" of-type="Enum" usage="input"><value name="Ascending" display-name-key="Ascending">0</value><value name="Descending" display-name-key="Descending">1</value></property><property name="AccessibilityLabel" display-name-key="AccessibilityLabel" of-type="SingleLine.Text" usage="input" required="false" /><property name="RaiseOnRowSelectionChangeEvent" display-name-key="RaiseOnRowSelectionChangeEvent" of-type="TwoOptions" usage="input" required="false" default-value="false" /><property name="InputEvent" display-name-key="InputEvent" of-type="SingleLine.Text" usage="input" /><property name="EventName" display-name-key="EventName" of-type="SingleLine.Text" usage="output" /><property name="EventColumn" display-name-key="EventColumn" of-type="SingleLine.Text" usage="output" /><property name="EventRowKey" display-name-key="EventRowKey" of-type="SingleLine.Text" usage="output" /><property name="SortEventColumn" display-name-key="SortEventColumn" of-type="SingleLine.Text" usage="output" /><property name="SortEventDirection" display-name-key="SortEventDirection" of-type="Enum" usage="output"><value name="Ascending" display-name-key="Ascending">0</value><value name="Descending" display-name-key="Descending">1</value></property><property name="Theme" display-name-key="Theme" of-type="Multiple" usage="input" required="false" /><property name="Compact" display-name-key="Compact" of-type="TwoOptions" usage="input" required="false" default-value="true" /><property name="HeaderVisible" display-name-key="HeaderVisible" of-type="TwoOptions" usage="input" required="false" default-value="true" /><property name="AlternateRowColor" display-name-key="AlternateRowColor" of-type="SingleLine.Text" usage="input" required="false" /><property name="SelectionAlwaysVisible" display-name-key="SelectionAlwaysVisible" of-type="TwoOptions" usage="input" required="false" default-value="false" /><resources><code path="bundle.js" order="1" /><resx path="strings/DetailsList.1033.resx" version="1.0.0" /><css path="css/DetailsList.css" order="1" /><platform-library name="React" version="16.8.6" /><platform-library name="Fluent" version="8.29.0" /></resources><built-by name="pac" version="1.15.3" /></control></manifest>